<?xml version="1.0" encoding="UTF-8"?>
<project-private xmlns="http://www.netbeans.org/ns/project-private/1">
    <editor-bookmarks xmlns="http://www.netbeans.org/ns/editor-bookmarks/2" lastBookmarkId="0"/>
    <open-files xmlns="http://www.netbeans.org/ns/projectui-open-files/2">
        <group>
            <file>file:/C:/Users/ASUS%20TUF/Downloads/App%20PerpustakaanNEW/App%20Perpustakaan%20NEW/App%20Perpustakaan%20NEW/App%20Perpustakaan/src/Main/MenuTransaksi.java</file>
            <file>file:/C:/Users/ASUS%20TUF/Downloads/App%20PerpustakaanNEW/App%20Perpustakaan%20NEW/App%20Perpustakaan%20NEW/App%20Perpustakaan/src/View/LaporanBuku.java</file>
            <file>file:/C:/Users/ASUS%20TUF/Downloads/App%20PerpustakaanNEW/App%20Perpustakaan%20NEW/App%20Perpustakaan%20NEW/App%20Perpustakaan/src/Main/Koneksi.java</file>
            <file>file:/C:/Users/ASUS%20TUF/Downloads/App%20PerpustakaanNEW/App%20Perpustakaan%20NEW/App%20Perpustakaan%20NEW/App%20Perpustakaan/src/Main/MenuMaster.java</file>
            <file>file:/C:/Users/ASUS%20TUF/Downloads/App%20PerpustakaanNEW/App%20Perpustakaan%20NEW/App%20Perpustakaan%20NEW/App%20Perpustakaan/src/View/MasterKategori.java</file>
            <file>file:/C:/Users/ASUS%20TUF/Downloads/App%20PerpustakaanNEW/App%20Perpustakaan%20NEW/App%20Perpustakaan%20NEW/App%20Perpustakaan/src/View/MasterDashboard.java</file>
            <file>file:/C:/Users/ASUS%20TUF/Downloads/App%20PerpustakaanNEW/App%20Perpustakaan%20NEW/App%20Perpustakaan%20NEW/App%20Perpustakaan/src/View/FormLogin.java</file>
            <file>file:/C:/Users/ASUS%20TUF/Downloads/App%20PerpustakaanNEW/App%20Perpustakaan%20NEW/App%20Perpustakaan%20NEW/App%20Perpustakaan/src/View/DataAnggota.java</file>
            <file>file:/C:/Users/ASUS%20TUF/Downloads/App%20PerpustakaanNEW/App%20Perpustakaan%20NEW/App%20Perpustakaan%20NEW/App%20Perpustakaan/src/View/TransaksiPeminjaman.java</file>
            <file>file:/C:/Users/ASUS%20TUF/Downloads/App%20PerpustakaanNEW/App%20Perpustakaan%20NEW/App%20Perpustakaan%20NEW/App%20Perpustakaan/src/Main/MenuLaporan.java</file>
            <file>file:/C:/Users/ASUS%20TUF/Downloads/App%20PerpustakaanNEW/App%20Perpustakaan%20NEW/App%20Perpustakaan%20NEW/App%20Perpustakaan/src/View/MasterBuku.java</file>
            <file>file:/C:/Users/ASUS%20TUF/Downloads/App%20PerpustakaanNEW/App%20Perpustakaan%20NEW/App%20Perpustakaan%20NEW/App%20Perpustakaan/src/View/MasterPenerbit.java</file>
            <file>file:/C:/Users/ASUS%20TUF/Downloads/App%20PerpustakaanNEW/App%20Perpustakaan%20NEW/App%20Perpustakaan%20NEW/App%20Perpustakaan/src/View/FormProfile.java</file>
            <file>file:/C:/Users/ASUS%20TUF/Downloads/App%20PerpustakaanNEW/App%20Perpustakaan%20NEW/App%20Perpustakaan%20NEW/App%20Perpustakaan/src/View/DataBuku.java</file>
            <file>file:/C:/Users/ASUS%20TUF/Downloads/App%20PerpustakaanNEW/App%20Perpustakaan%20NEW/App%20Perpustakaan%20NEW/App%20Perpustakaan/src/View/MasterAnggota.java</file>
            <file>file:/C:/Users/ASUS%20TUF/Downloads/App%20PerpustakaanNEW/App%20Perpustakaan%20NEW/App%20Perpustakaan%20NEW/App%20Perpustakaan/src/View/TransaksiPengembalian.java</file>
            <file>file:/C:/Users/ASUS%20TUF/Downloads/App%20PerpustakaanNEW/App%20Perpustakaan%20NEW/App%20Perpustakaan%20NEW/App%20Perpustakaan/src/View/DataBukuInterface.java</file>
            <file>file:/C:/Users/ASUS%20TUF/Downloads/App%20PerpustakaanNEW/App%20Perpustakaan%20NEW/App%20Perpustakaan%20NEW/App%20Perpustakaan/src/View/DataPeminjaman.java</file>
            <file>file:/C:/Users/ASUS%20TUF/Downloads/App%20PerpustakaanNEW/App%20Perpustakaan%20NEW/App%20Perpustakaan%20NEW/App%20Perpustakaan/src/View/LaporanAnggota.java</file>
            <file>file:/C:/Users/ASUS%20TUF/Downloads/App%20PerpustakaanNEW/App%20Perpustakaan%20NEW/App%20Perpustakaan%20NEW/App%20Perpustakaan/src/View/MasterPetugas.java</file>
            <file>file:/C:/Users/ASUS%20TUF/Downloads/App%20PerpustakaanNEW/App%20Perpustakaan%20NEW/App%20Perpustakaan%20NEW/App%20Perpustakaan/src/Main/MenuUtama.java</file>
        </group>
    </open-files>
</project-private>
